trait_model,capability_model,alpha,trait,trait_score,delta_trait,Factual Knowledge,Language Understanding,Deductive Reasoning
llama32_1b_instruct,llama1b,-0.2,Openness,0.387487,-0.01570699999999997,0.009431258228755297,-0.0028903637253550486,-0.013006160395059337
llama32_1b_instruct,llama1b,-0.2,Conscientiousness,0.713208,-0.005348000000000019,0.009431258228755297,-0.0028903637253550486,-0.013006160395059337
llama32_1b_instruct,llama1b,-0.2,Extraversion,0.384191,-0.002732000000000012,0.009431258228755297,-0.0028903637253550486,-0.013006160395059337
llama32_1b_instruct,llama1b,-0.2,Agreeableness,0.651455,-0.007591000000000014,0.009431258228755297,-0.0028903637253550486,-0.013006160395059337
llama32_1b_instruct,llama1b,-0.2,Neuroticism,0.352232,0.011431999999999998,0.009431258228755297,-0.0028903637253550486,-0.013006160395059337
llama32_1b_instruct,llama1b,-0.2,Machiavellianism,0.239463,-0.0026370000000000005,0.009431258228755297,-0.0028903637253550486,-0.013006160395059337
llama32_1b_instruct,llama1b,-0.2,Narcissism,0.230138,0.02366600000000002,0.009431258228755297,-0.0028903637253550486,-0.013006160395059337
llama32_1b_instruct,llama1b,-0.2,Psychopathy,0.165594,0.024011000000000005,0.009431258228755297,-0.0028903637253550486,-0.013006160395059337
llama32_1b_instruct,llama1b,-0.15,Openness,0.390614,-0.01257999999999998,0.0002729328086599407,-0.00014515262873299748,0.002635740536462564
llama32_1b_instruct,llama1b,-0.15,Conscientiousness,0.714237,-0.004318999999999962,0.0002729328086599407,-0.00014515262873299748,0.002635740536462564
llama32_1b_instruct,llama1b,-0.15,Extraversion,0.387623,0.0006999999999999784,0.0002729328086599407,-0.00014515262873299748,0.002635740536462564
llama32_1b_instruct,llama1b,-0.15,Agreeableness,0.656604,-0.0024420000000000552,0.0002729328086599407,-0.00014515262873299748,0.002635740536462564
llama32_1b_instruct,llama1b,-0.15,Neuroticism,0.348127,0.007327000000000028,0.0002729328086599407,-0.00014515262873299748,0.002635740536462564
llama32_1b_instruct,llama1b,-0.15,Machiavellianism,0.240057,-0.002043000000000017,0.0002729328086599407,-0.00014515262873299748,0.002635740536462564
llama32_1b_instruct,llama1b,-0.15,Narcissism,0.222918,0.016446000000000016,0.0002729328086599407,-0.00014515262873299748,0.002635740536462564
llama32_1b_instruct,llama1b,-0.15,Psychopathy,0.159152,0.017569,0.0002729328086599407,-0.00014515262873299748,0.002635740536462564
llama32_1b_instruct,llama1b,-0.1,Openness,0.396731,-0.0064629999999999965,0.0223544374944523,-0.011724604014366731,0.0015289645102246764
llama32_1b_instruct,llama1b,-0.1,Conscientiousness,0.714602,-0.003954000000000013,0.0223544374944523,-0.011724604014366731,0.0015289645102246764
llama32_1b_instruct,llama1b,-0.1,Extraversion,0.389108,0.0021849999999999925,0.0223544374944523,-0.011724604014366731,0.0015289645102246764
llama32_1b_instruct,llama1b,-0.1,Agreeableness,0.658761,-0.0002849999999999797,0.0223544374944523,-0.011724604014366731,0.0015289645102246764
llama32_1b_instruct,llama1b,-0.1,Neuroticism,0.344214,0.003414000000000028,0.0223544374944523,-0.011724604014366731,0.0015289645102246764
llama32_1b_instruct,llama1b,-0.1,Machiavellianism,0.241202,-0.0008980000000000099,0.0223544374944523,-0.011724604014366731,0.0015289645102246764
llama32_1b_instruct,llama1b,-0.1,Narcissism,0.217879,0.011407,0.0223544374944523,-0.011724604014366731,0.0015289645102246764
llama32_1b_instruct,llama1b,-0.1,Psychopathy,0.153303,0.011720000000000008,0.0223544374944523,-0.011724604014366731,0.0015289645102246764
llama32_1b_instruct,llama1b,-0.05,Openness,0.400111,-0.0030830000000000024,0.010998636552649774,-0.0011241158110426401,0.004299506896905925
llama32_1b_instruct,llama1b,-0.05,Conscientiousness,0.718112,-0.00044399999999999995,0.010998636552649774,-0.0011241158110426401,0.004299506896905925
llama32_1b_instruct,llama1b,-0.05,Extraversion,0.387807,0.0008839999999999959,0.010998636552649774,-0.0011241158110426401,0.004299506896905925
llama32_1b_instruct,llama1b,-0.05,Agreeableness,0.658288,-0.0007580000000000364,0.010998636552649774,-0.0011241158110426401,0.004299506896905925
llama32_1b_instruct,llama1b,-0.05,Neuroticism,0.341871,0.0010709999999999886,0.010998636552649774,-0.0011241158110426401,0.004299506896905925
llama32_1b_instruct,llama1b,-0.05,Machiavellianism,0.241314,-0.0007860000000000089,0.010998636552649774,-0.0011241158110426401,0.004299506896905925
llama32_1b_instruct,llama1b,-0.05,Narcissism,0.212392,0.005920000000000009,0.010998636552649774,-0.0011241158110426401,0.004299506896905925
llama32_1b_instruct,llama1b,-0.05,Psychopathy,0.146803,0.005220000000000002,0.010998636552649774,-0.0011241158110426401,0.004299506896905925
llama32_1b_instruct,llama1b,0.0,Openness,0.403194,0.0,0.0,0.0,0.0
llama32_1b_instruct,llama1b,0.0,Conscientiousness,0.718556,0.0,0.0,0.0,0.0
llama32_1b_instruct,llama1b,0.0,Extraversion,0.386923,0.0,0.0,0.0,0.0
llama32_1b_instruct,llama1b,0.0,Agreeableness,0.659046,0.0,0.0,0.0,0.0
llama32_1b_instruct,llama1b,0.0,Neuroticism,0.3408,0.0,0.0,0.0,0.0
llama32_1b_instruct,llama1b,0.0,Machiavellianism,0.2421,0.0,0.0,0.0,0.0
llama32_1b_instruct,llama1b,0.0,Narcissism,0.206472,0.0,0.0,0.0,0.0
llama32_1b_instruct,llama1b,0.0,Psychopathy,0.141583,0.0,0.0,0.0,0.0
llama32_1b_instruct,llama1b,0.05,Openness,0.406338,0.00314399999999998,-0.010870236803832038,-0.004934053070061083,0.007736301289498842
llama32_1b_instruct,llama1b,0.05,Conscientiousness,0.715953,-0.002603000000000022,-0.010870236803832038,-0.004934053070061083,0.007736301289498842
llama32_1b_instruct,llama1b,0.05,Extraversion,0.388531,0.0016079999999999983,-0.010870236803832038,-0.004934053070061083,0.007736301289498842
llama32_1b_instruct,llama1b,0.05,Agreeableness,0.657934,-0.0011120000000000019,-0.010870236803832038,-0.004934053070061083,0.007736301289498842
llama32_1b_instruct,llama1b,0.05,Neuroticism,0.341302,0.0005020000000000024,-0.010870236803832038,-0.004934053070061083,0.007736301289498842
llama32_1b_instruct,llama1b,0.05,Machiavellianism,0.242848,0.0007479999999999987,-0.010870236803832038,-0.004934053070061083,0.007736301289498842
llama32_1b_instruct,llama1b,0.05,Narcissism,0.202354,-0.004117999999999983,-0.010870236803832038,-0.004934053070061083,0.007736301289498842
llama32_1b_instruct,llama1b,0.05,Psychopathy,0.136598,-0.0049849999999999894,-0.010870236803832038,-0.004934053070061083,0.007736301289498842
llama32_1b_instruct,llama1b,0.1,Openness,0.412381,0.009187,-0.043413545687698424,-0.016338319299967624,-0.00010274142413017522
llama32_1b_instruct,llama1b,0.1,Conscientiousness,0.713851,-0.004704999999999959,-0.043413545687698424,-0.016338319299967624,-0.00010274142413017522
llama32_1b_instruct,llama1b,0.1,Extraversion,0.393878,0.006954999999999989,-0.043413545687698424,-0.016338319299967624,-0.00010274142413017522
llama32_1b_instruct,llama1b,0.1,Agreeableness,0.653961,-0.005085000000000006,-0.043413545687698424,-0.016338319299967624,-0.00010274142413017522
llama32_1b_instruct,llama1b,0.1,Neuroticism,0.344678,0.0038779999999999926,-0.043413545687698424,-0.016338319299967624,-0.00010274142413017522
llama32_1b_instruct,llama1b,0.1,Machiavellianism,0.24477,0.002669999999999978,-0.043413545687698424,-0.016338319299967624,-0.00010274142413017522
llama32_1b_instruct,llama1b,0.1,Narcissism,0.201289,-0.005182999999999993,-0.043413545687698424,-0.016338319299967624,-0.00010274142413017522
llama32_1b_instruct,llama1b,0.1,Psychopathy,0.132314,-0.009269,-0.043413545687698424,-0.016338319299967624,-0.00010274142413017522
llama32_1b_instruct,llama1b,0.15,Openness,0.423058,0.019863999999999993,-0.05318958616796101,-0.01877502778238135,-0.005366164999124694
llama32_1b_instruct,llama1b,0.15,Conscientiousness,0.71131,-0.007245999999999975,-0.05318958616796101,-0.01877502778238135,-0.005366164999124694
llama32_1b_instruct,llama1b,0.15,Extraversion,0.396939,0.01001599999999997,-0.05318958616796101,-0.01877502778238135,-0.005366164999124694
llama32_1b_instruct,llama1b,0.15,Agreeableness,0.645336,-0.01371,-0.05318958616796101,-0.01877502778238135,-0.005366164999124694
llama32_1b_instruct,llama1b,0.15,Neuroticism,0.352162,0.011361999999999983,-0.05318958616796101,-0.01877502778238135,-0.005366164999124694
llama32_1b_instruct,llama1b,0.15,Machiavellianism,0.24898,0.006879999999999997,-0.05318958616796101,-0.01877502778238135,-0.005366164999124694
llama32_1b_instruct,llama1b,0.15,Narcissism,0.204161,-0.0023109999999999797,-0.05318958616796101,-0.01877502778238135,-0.005366164999124694
llama32_1b_instruct,llama1b,0.15,Psychopathy,0.130893,-0.010689999999999977,-0.05318958616796101,-0.01877502778238135,-0.005366164999124694
llama32_1b_instruct,llama1b,0.2,Openness,0.432481,0.029287000000000007,-0.08255431716250326,-0.015696550366592437,-0.021485158880585283
llama32_1b_instruct,llama1b,0.2,Conscientiousness,0.707986,-0.010569999999999968,-0.08255431716250326,-0.015696550366592437,-0.021485158880585283
llama32_1b_instruct,llama1b,0.2,Extraversion,0.408577,0.021654000000000007,-0.08255431716250326,-0.015696550366592437,-0.021485158880585283
llama32_1b_instruct,llama1b,0.2,Agreeableness,0.640469,-0.018577000000000066,-0.08255431716250326,-0.015696550366592437,-0.021485158880585283
llama32_1b_instruct,llama1b,0.2,Neuroticism,0.359146,0.01834600000000003,-0.08255431716250326,-0.015696550366592437,-0.021485158880585283
llama32_1b_instruct,llama1b,0.2,Machiavellianism,0.258924,0.016823999999999978,-0.08255431716250326,-0.015696550366592437,-0.021485158880585283
llama32_1b_instruct,llama1b,0.2,Narcissism,0.20958,0.0031079999999999997,-0.08255431716250326,-0.015696550366592437,-0.021485158880585283
llama32_1b_instruct,llama1b,0.2,Psychopathy,0.133741,-0.007841999999999988,-0.08255431716250326,-0.015696550366592437,-0.021485158880585283
llama32_3b_instruct,llama3b,-0.2,Openness,0.396705,-0.024229,-0.0828780568576462,-0.11504809779649479,-0.049895169186220764
llama32_3b_instruct,llama3b,-0.2,Conscientiousness,0.670926,-0.017058000000000018,-0.0828780568576462,-0.11504809779649479,-0.049895169186220764
llama32_3b_instruct,llama3b,-0.2,Extraversion,0.381162,-0.016552999999999984,-0.0828780568576462,-0.11504809779649479,-0.049895169186220764
llama32_3b_instruct,llama3b,-0.2,Agreeableness,0.635988,-0.010149999999999992,-0.0828780568576462,-0.11504809779649479,-0.049895169186220764
llama32_3b_instruct,llama3b,-0.2,Neuroticism,0.320719,0.01260599999999995,-0.0828780568576462,-0.11504809779649479,-0.049895169186220764
llama32_3b_instruct,llama3b,-0.2,Machiavellianism,0.239015,-0.003262999999999988,-0.0828780568576462,-0.11504809779649479,-0.049895169186220764
llama32_3b_instruct,llama3b,-0.2,Narcissism,0.217703,0.005386000000000002,-0.0828780568576462,-0.11504809779649479,-0.049895169186220764
llama32_3b_instruct,llama3b,-0.2,Psychopathy,0.161191,0.003161999999999998,-0.0828780568576462,-0.11504809779649479,-0.049895169186220764
llama32_3b_instruct,llama3b,-0.15,Openness,0.404284,-0.016649999999999998,-0.0436822213481861,-0.0512595839426539,-0.022624512127614627
llama32_3b_instruct,llama3b,-0.15,Conscientiousness,0.680686,-0.007298000000000027,-0.0436822213481861,-0.0512595839426539,-0.022624512127614627
llama32_3b_instruct,llama3b,-0.15,Extraversion,0.38508,-0.012635000000000007,-0.0436822213481861,-0.0512595839426539,-0.022624512127614627
llama32_3b_instruct,llama3b,-0.15,Agreeableness,0.639213,-0.006924999999999959,-0.0436822213481861,-0.0512595839426539,-0.022624512127614627
llama32_3b_instruct,llama3b,-0.15,Neuroticism,0.322268,0.014154999999999973,-0.0436822213481861,-0.0512595839426539,-0.022624512127614627
llama32_3b_instruct,llama3b,-0.15,Machiavellianism,0.230886,-0.011391999999999985,-0.0436822213481861,-0.0512595839426539,-0.022624512127614627
llama32_3b_instruct,llama3b,-0.15,Narcissism,0.214959,0.0026420000000000055,-0.0436822213481861,-0.0512595839426539,-0.022624512127614627
llama32_3b_instruct,llama3b,-0.15,Psychopathy,0.16262,0.004590999999999984,-0.0436822213481861,-0.0512595839426539,-0.022624512127614627
llama32_3b_instruct,llama3b,-0.1,Openness,0.409173,-0.011760999999999966,-0.019222251533556632,-0.0319536697949654,-0.010998476731820072
llama32_3b_instruct,llama3b,-0.1,Conscientiousness,0.685086,-0.002898000000000067,-0.019222251533556632,-0.0319536697949654,-0.010998476731820072
llama32_3b_instruct,llama3b,-0.1,Extraversion,0.391495,-0.006220000000000003,-0.019222251533556632,-0.0319536697949654,-0.010998476731820072
llama32_3b_instruct,llama3b,-0.1,Agreeableness,0.642923,-0.003214999999999968,-0.019222251533556632,-0.0319536697949654,-0.010998476731820072
llama32_3b_instruct,llama3b,-0.1,Neuroticism,0.313689,0.00557599999999997,-0.019222251533556632,-0.0319536697949654,-0.010998476731820072
llama32_3b_instruct,llama3b,-0.1,Machiavellianism,0.233707,-0.008570999999999995,-0.019222251533556632,-0.0319536697949654,-0.010998476731820072
llama32_3b_instruct,llama3b,-0.1,Narcissism,0.212889,0.0005719999999999892,-0.019222251533556632,-0.0319536697949654,-0.010998476731820072
llama32_3b_instruct,llama3b,-0.1,Psychopathy,0.164277,0.0062480000000000036,-0.019222251533556632,-0.0319536697949654,-0.010998476731820072
llama32_3b_instruct,llama3b,-0.05,Openness,0.41627,-0.0046640000000000015,-0.0063879756591012846,-0.02235614705244525,-0.004380918886056271
llama32_3b_instruct,llama3b,-0.05,Conscientiousness,0.685854,-0.0021300000000000763,-0.0063879756591012846,-0.02235614705244525,-0.004380918886056271
llama32_3b_instruct,llama3b,-0.05,Extraversion,0.395792,-0.001923000000000008,-0.0063879756591012846,-0.02235614705244525,-0.004380918886056271
llama32_3b_instruct,llama3b,-0.05,Agreeableness,0.644861,-0.0012769999999999726,-0.0063879756591012846,-0.02235614705244525,-0.004380918886056271
llama32_3b_instruct,llama3b,-0.05,Neuroticism,0.309057,0.0009440000000000004,-0.0063879756591012846,-0.02235614705244525,-0.004380918886056271
llama32_3b_instruct,llama3b,-0.05,Machiavellianism,0.235608,-0.0066699999999999815,-0.0063879756591012846,-0.02235614705244525,-0.004380918886056271
llama32_3b_instruct,llama3b,-0.05,Narcissism,0.211462,-0.0008549999999999947,-0.0063879756591012846,-0.02235614705244525,-0.004380918886056271
llama32_3b_instruct,llama3b,-0.05,Psychopathy,0.162374,0.004344999999999988,-0.0063879756591012846,-0.02235614705244525,-0.004380918886056271
llama32_3b_instruct,llama3b,0.0,Openness,0.420934,0.0,0.0,0.0,0.0
llama32_3b_instruct,llama3b,0.0,Conscientiousness,0.687984,0.0,0.0,0.0,0.0
llama32_3b_instruct,llama3b,0.0,Extraversion,0.397715,0.0,0.0,0.0,0.0
llama32_3b_instruct,llama3b,0.0,Agreeableness,0.646138,0.0,0.0,0.0,0.0
llama32_3b_instruct,llama3b,0.0,Neuroticism,0.308113,0.0,0.0,0.0,0.0
llama32_3b_instruct,llama3b,0.0,Machiavellianism,0.242278,0.0,0.0,0.0,0.0
llama32_3b_instruct,llama3b,0.0,Narcissism,0.212317,0.0,0.0,0.0,0.0
llama32_3b_instruct,llama3b,0.0,Psychopathy,0.158029,0.0,0.0,0.0,0.0
llama32_3b_instruct,llama3b,0.05,Openness,0.426991,0.006057000000000035,0.02988702984072042,-0.017357494445694774,-0.007939859306519772
llama32_3b_instruct,llama3b,0.05,Conscientiousness,0.685377,-0.002607000000000026,0.02988702984072042,-0.017357494445694774,-0.007939859306519772
llama32_3b_instruct,llama3b,0.05,Extraversion,0.398977,0.0012620000000000409,0.02988702984072042,-0.017357494445694774,-0.007939859306519772
llama32_3b_instruct,llama3b,0.05,Agreeableness,0.642204,-0.003933999999999993,0.02988702984072042,-0.017357494445694774,-0.007939859306519772
llama32_3b_instruct,llama3b,0.05,Neuroticism,0.308839,0.0007259999999999489,0.02988702984072042,-0.017357494445694774,-0.007939859306519772
llama32_3b_instruct,llama3b,0.05,Machiavellianism,0.255561,0.01328299999999999,0.02988702984072042,-0.017357494445694774,-0.007939859306519772
llama32_3b_instruct,llama3b,0.05,Narcissism,0.21589,0.003572999999999993,0.02988702984072042,-0.017357494445694774,-0.007939859306519772
llama32_3b_instruct,llama3b,0.05,Psychopathy,0.163072,0.005042999999999992,0.02988702984072042,-0.017357494445694774,-0.007939859306519772
llama32_3b_instruct,llama3b,0.1,Openness,0.43751,0.016576000000000035,0.02142528894089564,-0.029082603937706644,-0.010116066104977896
llama32_3b_instruct,llama3b,0.1,Conscientiousness,0.684601,-0.003383000000000025,0.02142528894089564,-0.029082603937706644,-0.010116066104977896
llama32_3b_instruct,llama3b,0.1,Extraversion,0.403736,0.006020999999999999,0.02142528894089564,-0.029082603937706644,-0.010116066104977896
llama32_3b_instruct,llama3b,0.1,Agreeableness,0.638342,-0.007796000000000025,0.02142528894089564,-0.029082603937706644,-0.010116066104977896
llama32_3b_instruct,llama3b,0.1,Neuroticism,0.305929,-0.0021840000000000193,0.02142528894089564,-0.029082603937706644,-0.010116066104977896
llama32_3b_instruct,llama3b,0.1,Machiavellianism,0.26988,0.027602000000000015,0.02142528894089564,-0.029082603937706644,-0.010116066104977896
llama32_3b_instruct,llama3b,0.1,Narcissism,0.216788,0.004471000000000003,0.02142528894089564,-0.029082603937706644,-0.010116066104977896
llama32_3b_instruct,llama3b,0.1,Psychopathy,0.166314,0.008284999999999987,0.02142528894089564,-0.029082603937706644,-0.010116066104977896
llama32_3b_instruct,llama3b,0.15,Openness,0.446115,0.02518100000000001,0.005767978435224436,-0.051646463695152994,-0.018048362616886544
llama32_3b_instruct,llama3b,0.15,Conscientiousness,0.679628,-0.00835600000000003,0.005767978435224436,-0.051646463695152994,-0.018048362616886544
llama32_3b_instruct,llama3b,0.15,Extraversion,0.411694,0.01397900000000002,0.005767978435224436,-0.051646463695152994,-0.018048362616886544
llama32_3b_instruct,llama3b,0.15,Agreeableness,0.631907,-0.014230999999999994,0.005767978435224436,-0.051646463695152994,-0.018048362616886544
llama32_3b_instruct,llama3b,0.15,Neuroticism,0.310954,0.0028409999999999824,0.005767978435224436,-0.051646463695152994,-0.018048362616886544
llama32_3b_instruct,llama3b,0.15,Machiavellianism,0.286064,0.04378599999999999,0.005767978435224436,-0.051646463695152994,-0.018048362616886544
llama32_3b_instruct,llama3b,0.15,Narcissism,0.224882,0.012564999999999993,0.005767978435224436,-0.051646463695152994,-0.018048362616886544
llama32_3b_instruct,llama3b,0.15,Psychopathy,0.170981,0.012951999999999991,0.005767978435224436,-0.051646463695152994,-0.018048362616886544
llama32_3b_instruct,llama3b,0.2,Openness,0.452868,0.03193400000000002,-0.04184009287160752,-0.07158882614171005,-0.04764293763759932
llama32_3b_instruct,llama3b,0.2,Conscientiousness,0.672014,-0.01597000000000004,-0.04184009287160752,-0.07158882614171005,-0.04764293763759932
llama32_3b_instruct,llama3b,0.2,Extraversion,0.427163,0.02944800000000003,-0.04184009287160752,-0.07158882614171005,-0.04764293763759932
llama32_3b_instruct,llama3b,0.2,Agreeableness,0.621428,-0.02471000000000001,-0.04184009287160752,-0.07158882614171005,-0.04764293763759932
llama32_3b_instruct,llama3b,0.2,Neuroticism,0.315013,0.006899999999999962,-0.04184009287160752,-0.07158882614171005,-0.04764293763759932
llama32_3b_instruct,llama3b,0.2,Machiavellianism,0.298944,0.056665999999999994,-0.04184009287160752,-0.07158882614171005,-0.04764293763759932
llama32_3b_instruct,llama3b,0.2,Narcissism,0.236455,0.024137999999999993,-0.04184009287160752,-0.07158882614171005,-0.04764293763759932
llama32_3b_instruct,llama3b,0.2,Psychopathy,0.191158,0.03312899999999999,-0.04184009287160752,-0.07158882614171005,-0.04764293763759932
llama31_8b_instruct,llama8b,-0.2,Openness,0.387782,-0.028864999999999974,-0.20029284782640377,-0.22724809665193874,0.06280734988767035
llama31_8b_instruct,llama8b,-0.2,Conscientiousness,0.674404,-0.011387999999999954,-0.20029284782640377,-0.22724809665193874,0.06280734988767035
llama31_8b_instruct,llama8b,-0.2,Extraversion,0.40074,-0.002925000000000011,-0.20029284782640377,-0.22724809665193874,0.06280734988767035
llama31_8b_instruct,llama8b,-0.2,Agreeableness,0.633115,-0.01772499999999999,-0.20029284782640377,-0.22724809665193874,0.06280734988767035
llama31_8b_instruct,llama8b,-0.2,Neuroticism,0.319524,0.014616999999999991,-0.20029284782640377,-0.22724809665193874,0.06280734988767035
llama31_8b_instruct,llama8b,-0.2,Machiavellianism,0.22791,-0.015456999999999999,-0.20029284782640377,-0.22724809665193874,0.06280734988767035
llama31_8b_instruct,llama8b,-0.2,Narcissism,0.229576,0.018175999999999998,-0.20029284782640377,-0.22724809665193874,0.06280734988767035
llama31_8b_instruct,llama8b,-0.2,Psychopathy,0.162086,0.0036660000000000026,-0.20029284782640377,-0.22724809665193874,0.06280734988767035
llama31_8b_instruct,llama8b,-0.15,Openness,0.388756,-0.027891,-0.12129326663459372,-0.025823684757831,0.011490402459775704
llama31_8b_instruct,llama8b,-0.15,Conscientiousness,0.688036,0.0022440000000000238,-0.12129326663459372,-0.025823684757831,0.011490402459775704
llama31_8b_instruct,llama8b,-0.15,Extraversion,0.4031,-0.0005649999999999822,-0.12129326663459372,-0.025823684757831,0.011490402459775704
llama31_8b_instruct,llama8b,-0.15,Agreeableness,0.632629,-0.018210999999999977,-0.12129326663459372,-0.025823684757831,0.011490402459775704
llama31_8b_instruct,llama8b,-0.15,Neuroticism,0.299317,-0.005589999999999984,-0.12129326663459372,-0.025823684757831,0.011490402459775704
llama31_8b_instruct,llama8b,-0.15,Machiavellianism,0.229071,-0.014296000000000003,-0.12129326663459372,-0.025823684757831,0.011490402459775704
llama31_8b_instruct,llama8b,-0.15,Narcissism,0.223541,0.012140999999999985,-0.12129326663459372,-0.025823684757831,0.011490402459775704
llama31_8b_instruct,llama8b,-0.15,Psychopathy,0.160483,0.0020629999999999815,-0.12129326663459372,-0.025823684757831,0.011490402459775704
llama31_8b_instruct,llama8b,-0.1,Openness,0.399358,-0.017289,-0.07050492303959427,0.014037557530490014,-0.006437756606605618
llama31_8b_instruct,llama8b,-0.1,Conscientiousness,0.687959,0.00216700000000003,-0.07050492303959427,0.014037557530490014,-0.006437756606605618
llama31_8b_instruct,llama8b,-0.1,Extraversion,0.402769,-0.0008960000000000079,-0.07050492303959427,0.014037557530490014,-0.006437756606605618
llama31_8b_instruct,llama8b,-0.1,Agreeableness,0.63814,-0.012699999999999934,-0.07050492303959427,0.014037557530490014,-0.006437756606605618
llama31_8b_instruct,llama8b,-0.1,Neuroticism,0.298633,-0.006274000000000002,-0.07050492303959427,0.014037557530490014,-0.006437756606605618
llama31_8b_instruct,llama8b,-0.1,Machiavellianism,0.228703,-0.01466400000000001,-0.07050492303959427,0.014037557530490014,-0.006437756606605618
llama31_8b_instruct,llama8b,-0.1,Narcissism,0.217217,0.005816999999999989,-0.07050492303959427,0.014037557530490014,-0.006437756606605618
llama31_8b_instruct,llama8b,-0.1,Psychopathy,0.158998,0.0005779999999999952,-0.07050492303959427,0.014037557530490014,-0.006437756606605618
llama31_8b_instruct,llama8b,-0.05,Openness,0.409311,-0.007336000000000009,-0.030779592616335054,-0.011347998013042556,0.02897472335728287
llama31_8b_instruct,llama8b,-0.05,Conscientiousness,0.68685,0.0010580000000000034,-0.030779592616335054,-0.011347998013042556,0.02897472335728287
llama31_8b_instruct,llama8b,-0.05,Extraversion,0.403642,-2.2999999999995246e-05,-0.030779592616335054,-0.011347998013042556,0.02897472335728287
llama31_8b_instruct,llama8b,-0.05,Agreeableness,0.643296,-0.007543999999999995,-0.030779592616335054,-0.011347998013042556,0.02897472335728287
llama31_8b_instruct,llama8b,-0.05,Neuroticism,0.300194,-0.004712999999999967,-0.030779592616335054,-0.011347998013042556,0.02897472335728287
llama31_8b_instruct,llama8b,-0.05,Machiavellianism,0.232002,-0.011364999999999986,-0.030779592616335054,-0.011347998013042556,0.02897472335728287
llama31_8b_instruct,llama8b,-0.05,Narcissism,0.214224,0.002823999999999993,-0.030779592616335054,-0.011347998013042556,0.02897472335728287
llama31_8b_instruct,llama8b,-0.05,Psychopathy,0.158759,0.00033900000000000596,-0.030779592616335054,-0.011347998013042556,0.02897472335728287
llama31_8b_instruct,llama8b,0.0,Openness,0.416647,0.0,0.0,0.0,0.0
llama31_8b_instruct,llama8b,0.0,Conscientiousness,0.685792,0.0,0.0,0.0,0.0
llama31_8b_instruct,llama8b,0.0,Extraversion,0.403665,0.0,0.0,0.0,0.0
llama31_8b_instruct,llama8b,0.0,Agreeableness,0.65084,0.0,0.0,0.0,0.0
llama31_8b_instruct,llama8b,0.0,Neuroticism,0.304907,0.0,0.0,0.0,0.0
llama31_8b_instruct,llama8b,0.0,Machiavellianism,0.243367,0.0,0.0,0.0,0.0
llama31_8b_instruct,llama8b,0.0,Narcissism,0.2114,0.0,0.0,0.0,0.0
llama31_8b_instruct,llama8b,0.0,Psychopathy,0.15842,0.0,0.0,0.0,0.0
llama31_8b_instruct,llama8b,0.05,Openness,0.423713,0.007066000000000017,-0.0013743520198680223,0.034034336648774234,-0.017152499500401645
llama31_8b_instruct,llama8b,0.05,Conscientiousness,0.686287,0.0004950000000000232,-0.0013743520198680223,0.034034336648774234,-0.017152499500401645
llama31_8b_instruct,llama8b,0.05,Extraversion,0.402299,-0.0013659999999999783,-0.0013743520198680223,0.034034336648774234,-0.017152499500401645
llama31_8b_instruct,llama8b,0.05,Agreeableness,0.657136,0.006296000000000079,-0.0013743520198680223,0.034034336648774234,-0.017152499500401645
llama31_8b_instruct,llama8b,0.05,Neuroticism,0.312509,0.007601999999999998,-0.0013743520198680223,0.034034336648774234,-0.017152499500401645
llama31_8b_instruct,llama8b,0.05,Machiavellianism,0.255325,0.011958000000000024,-0.0013743520198680223,0.034034336648774234,-0.017152499500401645
llama31_8b_instruct,llama8b,0.05,Narcissism,0.209604,-0.001795999999999992,-0.0013743520198680223,0.034034336648774234,-0.017152499500401645
llama31_8b_instruct,llama8b,0.05,Psychopathy,0.157132,-0.0012880000000000114,-0.0013743520198680223,0.034034336648774234,-0.017152499500401645
llama31_8b_instruct,llama8b,0.1,Openness,0.432072,0.015425000000000022,-0.02152965549870981,0.0001696228245753684,-0.004403362767296495
llama31_8b_instruct,llama8b,0.1,Conscientiousness,0.689883,0.004091000000000067,-0.02152965549870981,0.0001696228245753684,-0.004403362767296495
llama31_8b_instruct,llama8b,0.1,Extraversion,0.396445,-0.007220000000000004,-0.02152965549870981,0.0001696228245753684,-0.004403362767296495
llama31_8b_instruct,llama8b,0.1,Agreeableness,0.659605,0.008765000000000023,-0.02152965549870981,0.0001696228245753684,-0.004403362767296495
llama31_8b_instruct,llama8b,0.1,Neuroticism,0.318035,0.013128000000000029,-0.02152965549870981,0.0001696228245753684,-0.004403362767296495
llama31_8b_instruct,llama8b,0.1,Machiavellianism,0.265731,0.022363999999999995,-0.02152965549870981,0.0001696228245753684,-0.004403362767296495
llama31_8b_instruct,llama8b,0.1,Narcissism,0.207379,-0.004020999999999997,-0.02152965549870981,0.0001696228245753684,-0.004403362767296495
llama31_8b_instruct,llama8b,0.1,Psychopathy,0.160506,0.0020860000000000045,-0.02152965549870981,0.0001696228245753684,-0.004403362767296495
llama31_8b_instruct,llama8b,0.15,Openness,0.432635,0.015988000000000002,-0.04677532981964874,-0.050915846806994736,-0.013815244359947009
llama31_8b_instruct,llama8b,0.15,Conscientiousness,0.690894,0.005102000000000051,-0.04677532981964874,-0.050915846806994736,-0.013815244359947009
llama31_8b_instruct,llama8b,0.15,Extraversion,0.397105,-0.00656000000000001,-0.04677532981964874,-0.050915846806994736,-0.013815244359947009
llama31_8b_instruct,llama8b,0.15,Agreeableness,0.660003,0.009163000000000032,-0.04677532981964874,-0.050915846806994736,-0.013815244359947009
llama31_8b_instruct,llama8b,0.15,Neuroticism,0.330492,0.025585000000000024,-0.04677532981964874,-0.050915846806994736,-0.013815244359947009
llama31_8b_instruct,llama8b,0.15,Machiavellianism,0.280993,0.03762599999999999,-0.04677532981964874,-0.050915846806994736,-0.013815244359947009
llama31_8b_instruct,llama8b,0.15,Narcissism,0.210726,-0.0006740000000000079,-0.04677532981964874,-0.050915846806994736,-0.013815244359947009
llama31_8b_instruct,llama8b,0.15,Psychopathy,0.16587,0.007449999999999984,-0.04677532981964874,-0.050915846806994736,-0.013815244359947009
llama31_8b_instruct,llama8b,0.2,Openness,0.431168,0.014521000000000006,-0.04961011006413212,-0.09203312393710353,-0.041973419320843294
llama31_8b_instruct,llama8b,0.2,Conscientiousness,0.686787,0.0009950000000000792,-0.04961011006413212,-0.09203312393710353,-0.041973419320843294
llama31_8b_instruct,llama8b,0.2,Extraversion,0.391877,-0.01178800000000002,-0.04961011006413212,-0.09203312393710353,-0.041973419320843294
llama31_8b_instruct,llama8b,0.2,Agreeableness,0.657238,0.006398000000000015,-0.04961011006413212,-0.09203312393710353,-0.041973419320843294
llama31_8b_instruct,llama8b,0.2,Neuroticism,0.347709,0.04280200000000001,-0.04961011006413212,-0.09203312393710353,-0.041973419320843294
llama31_8b_instruct,llama8b,0.2,Machiavellianism,0.285938,0.042571000000000025,-0.04961011006413212,-0.09203312393710353,-0.041973419320843294
llama31_8b_instruct,llama8b,0.2,Narcissism,0.216963,0.005562999999999985,-0.04961011006413212,-0.09203312393710353,-0.041973419320843294
llama31_8b_instruct,llama8b,0.2,Psychopathy,0.174066,0.015645999999999993,-0.04961011006413212,-0.09203312393710353,-0.041973419320843294
qwen3_8b,qwen3_8b,-0.2,Openness,0.452062,-0.006909999999999972,-0.06938754513112176,-0.010515278577252575,-0.0313706000545836
qwen3_8b,qwen3_8b,-0.2,Conscientiousness,0.675419,-0.030750000000000055,-0.06938754513112176,-0.010515278577252575,-0.0313706000545836
qwen3_8b,qwen3_8b,-0.2,Extraversion,0.423068,0.025583000000000022,-0.06938754513112176,-0.010515278577252575,-0.0313706000545836
qwen3_8b,qwen3_8b,-0.2,Agreeableness,0.644297,-0.018670999999999993,-0.06938754513112176,-0.010515278577252575,-0.0313706000545836
qwen3_8b,qwen3_8b,-0.2,Neuroticism,0.374078,-0.0036289999999999933,-0.06938754513112176,-0.010515278577252575,-0.0313706000545836
qwen3_8b,qwen3_8b,-0.2,Machiavellianism,0.294598,0.04162400000000005,-0.06938754513112176,-0.010515278577252575,-0.0313706000545836
qwen3_8b,qwen3_8b,-0.2,Narcissism,0.275887,0.040615999999999985,-0.06938754513112176,-0.010515278577252575,-0.0313706000545836
qwen3_8b,qwen3_8b,-0.2,Psychopathy,0.204285,0.022697999999999996,-0.06938754513112176,-0.010515278577252575,-0.0313706000545836
qwen3_8b,qwen3_8b,-0.15,Openness,0.457925,-0.0010469999999999646,-0.04537294754034852,0.015987831157463123,0.008194150930606334
qwen3_8b,qwen3_8b,-0.15,Conscientiousness,0.683011,-0.023158000000000012,-0.04537294754034852,0.015987831157463123,0.008194150930606334
qwen3_8b,qwen3_8b,-0.15,Extraversion,0.412777,0.015292000000000028,-0.04537294754034852,0.015987831157463123,0.008194150930606334
qwen3_8b,qwen3_8b,-0.15,Agreeableness,0.655963,-0.007005000000000039,-0.04537294754034852,0.015987831157463123,0.008194150930606334
qwen3_8b,qwen3_8b,-0.15,Neuroticism,0.375571,-0.0021360000000000268,-0.04537294754034852,0.015987831157463123,0.008194150930606334
qwen3_8b,qwen3_8b,-0.15,Machiavellianism,0.278807,0.02583300000000005,-0.04537294754034852,0.015987831157463123,0.008194150930606334
qwen3_8b,qwen3_8b,-0.15,Narcissism,0.258064,0.022793000000000008,-0.04537294754034852,0.015987831157463123,0.008194150930606334
qwen3_8b,qwen3_8b,-0.15,Psychopathy,0.2056,0.024013000000000007,-0.04537294754034852,0.015987831157463123,0.008194150930606334
qwen3_8b,qwen3_8b,-0.1,Openness,0.458646,-0.00032599999999999296,-0.02028862802699183,0.014550863289203745,0.02122330886127963
qwen3_8b,qwen3_8b,-0.1,Conscientiousness,0.689493,-0.016676000000000024,-0.02028862802699183,0.014550863289203745,0.02122330886127963
qwen3_8b,qwen3_8b,-0.1,Extraversion,0.402016,0.004531000000000007,-0.02028862802699183,0.014550863289203745,0.02122330886127963
qwen3_8b,qwen3_8b,-0.1,Agreeableness,0.660169,-0.002798999999999996,-0.02028862802699183,0.014550863289203745,0.02122330886127963
qwen3_8b,qwen3_8b,-0.1,Neuroticism,0.37873,0.0010229999999999961,-0.02028862802699183,0.014550863289203745,0.02122330886127963
qwen3_8b,qwen3_8b,-0.1,Machiavellianism,0.267962,0.014988000000000001,-0.02028862802699183,0.014550863289203745,0.02122330886127963
qwen3_8b,qwen3_8b,-0.1,Narcissism,0.246298,0.011026999999999981,-0.02028862802699183,0.014550863289203745,0.02122330886127963
qwen3_8b,qwen3_8b,-0.1,Psychopathy,0.200025,0.01843800000000001,-0.02028862802699183,0.014550863289203745,0.02122330886127963
qwen3_8b,qwen3_8b,-0.05,Openness,0.459311,0.0003390000000000337,0.0034664566708047535,-0.0011178322788673502,0.012723372486361016
qwen3_8b,qwen3_8b,-0.05,Conscientiousness,0.701864,-0.004305000000000003,0.0034664566708047535,-0.0011178322788673502,0.012723372486361016
qwen3_8b,qwen3_8b,-0.05,Extraversion,0.398391,0.0009060000000000179,0.0034664566708047535,-0.0011178322788673502,0.012723372486361016
qwen3_8b,qwen3_8b,-0.05,Agreeableness,0.659953,-0.00301499999999999,0.0034664566708047535,-0.0011178322788673502,0.012723372486361016
qwen3_8b,qwen3_8b,-0.05,Neuroticism,0.380139,0.0024319999999999897,0.0034664566708047535,-0.0011178322788673502,0.012723372486361016
qwen3_8b,qwen3_8b,-0.05,Machiavellianism,0.26279,0.009816000000000047,0.0034664566708047535,-0.0011178322788673502,0.012723372486361016
qwen3_8b,qwen3_8b,-0.05,Narcissism,0.240976,0.005704999999999988,0.0034664566708047535,-0.0011178322788673502,0.012723372486361016
qwen3_8b,qwen3_8b,-0.05,Psychopathy,0.18844,0.006852999999999998,0.0034664566708047535,-0.0011178322788673502,0.012723372486361016
qwen3_8b,qwen3_8b,0.0,Openness,0.458972,0.0,0.0,0.0,0.0
qwen3_8b,qwen3_8b,0.0,Conscientiousness,0.706169,0.0,0.0,0.0,0.0
qwen3_8b,qwen3_8b,0.0,Extraversion,0.397485,0.0,0.0,0.0,0.0
qwen3_8b,qwen3_8b,0.0,Agreeableness,0.662968,0.0,0.0,0.0,0.0
qwen3_8b,qwen3_8b,0.0,Neuroticism,0.377707,0.0,0.0,0.0,0.0
qwen3_8b,qwen3_8b,0.0,Machiavellianism,0.252974,0.0,0.0,0.0,0.0
qwen3_8b,qwen3_8b,0.0,Narcissism,0.235271,0.0,0.0,0.0,0.0
qwen3_8b,qwen3_8b,0.0,Psychopathy,0.181587,0.0,0.0,0.0,0.0
qwen3_8b,qwen3_8b,0.05,Openness,0.463209,0.004236999999999991,-0.001223606390442629,-0.015600453174287019,-0.02132026332749473
qwen3_8b,qwen3_8b,0.05,Conscientiousness,0.715631,0.00946199999999997,-0.001223606390442629,-0.015600453174287019,-0.02132026332749473
qwen3_8b,qwen3_8b,0.05,Extraversion,0.395714,-0.001770999999999967,-0.001223606390442629,-0.015600453174287019,-0.02132026332749473
qwen3_8b,qwen3_8b,0.05,Agreeableness,0.665486,0.0025180000000000202,-0.001223606390442629,-0.015600453174287019,-0.02132026332749473
qwen3_8b,qwen3_8b,0.05,Neuroticism,0.377291,-0.00041600000000002746,-0.001223606390442629,-0.015600453174287019,-0.02132026332749473
qwen3_8b,qwen3_8b,0.05,Machiavellianism,0.252776,-0.00019799999999997597,-0.001223606390442629,-0.015600453174287019,-0.02132026332749473
qwen3_8b,qwen3_8b,0.05,Narcissism,0.235636,0.0003650000000000042,-0.001223606390442629,-0.015600453174287019,-0.02132026332749473
qwen3_8b,qwen3_8b,0.05,Psychopathy,0.180912,-0.0006750000000000089,-0.001223606390442629,-0.015600453174287019,-0.02132026332749473
qwen3_8b,qwen3_8b,0.1,Openness,0.462064,0.0030919999999999837,-0.028891967860569665,-0.049840275358029866,-0.03327243939422806
qwen3_8b,qwen3_8b,0.1,Conscientiousness,0.707334,0.0011649999999999716,-0.028891967860569665,-0.049840275358029866,-0.03327243939422806
qwen3_8b,qwen3_8b,0.1,Extraversion,0.404787,0.007302000000000031,-0.028891967860569665,-0.049840275358029866,-0.03327243939422806
qwen3_8b,qwen3_8b,0.1,Agreeableness,0.663586,0.0006180000000000074,-0.028891967860569665,-0.049840275358029866,-0.03327243939422806
qwen3_8b,qwen3_8b,0.1,Neuroticism,0.365028,-0.012678999999999996,-0.028891967860569665,-0.049840275358029866,-0.03327243939422806
qwen3_8b,qwen3_8b,0.1,Machiavellianism,0.253257,0.0002830000000000332,-0.028891967860569665,-0.049840275358029866,-0.03327243939422806
qwen3_8b,qwen3_8b,0.1,Narcissism,0.225975,-0.009295999999999999,-0.028891967860569665,-0.049840275358029866,-0.03327243939422806
qwen3_8b,qwen3_8b,0.1,Psychopathy,0.188315,0.006728000000000012,-0.028891967860569665,-0.049840275358029866,-0.03327243939422806
qwen3_8b,qwen3_8b,0.15,Openness,0.461293,0.0023210000000000175,-0.04963707425269878,-0.1118726023501468,-0.04774362953822802
qwen3_8b,qwen3_8b,0.15,Conscientiousness,0.715964,0.009794999999999998,-0.04963707425269878,-0.1118726023501468,-0.04774362953822802
qwen3_8b,qwen3_8b,0.15,Extraversion,0.40247,0.004985000000000017,-0.04963707425269878,-0.1118726023501468,-0.04774362953822802
qwen3_8b,qwen3_8b,0.15,Agreeableness,0.653474,-0.009494000000000002,-0.04963707425269878,-0.1118726023501468,-0.04774362953822802
qwen3_8b,qwen3_8b,0.15,Neuroticism,0.355512,-0.02219500000000002,-0.04963707425269878,-0.1118726023501468,-0.04774362953822802
qwen3_8b,qwen3_8b,0.15,Machiavellianism,0.256212,0.0032380000000000186,-0.04963707425269878,-0.1118726023501468,-0.04774362953822802
qwen3_8b,qwen3_8b,0.15,Narcissism,0.219111,-0.016160000000000008,-0.04963707425269878,-0.1118726023501468,-0.04774362953822802
qwen3_8b,qwen3_8b,0.15,Psychopathy,0.181657,7.00000000000145e-05,-0.04963707425269878,-0.1118726023501468,-0.04774362953822802
qwen3_8b,qwen3_8b,0.2,Openness,0.455463,-0.0035089999999999844,-0.08544046422709793,-0.11953169363305563,-0.09695674065561954
qwen3_8b,qwen3_8b,0.2,Conscientiousness,0.719505,0.013335999999999903,-0.08544046422709793,-0.11953169363305563,-0.09695674065561954
qwen3_8b,qwen3_8b,0.2,Extraversion,0.401507,0.0040220000000000256,-0.08544046422709793,-0.11953169363305563,-0.09695674065561954
qwen3_8b,qwen3_8b,0.2,Agreeableness,0.647904,-0.015063999999999966,-0.08544046422709793,-0.11953169363305563,-0.09695674065561954
qwen3_8b,qwen3_8b,0.2,Neuroticism,0.35877,-0.018937000000000037,-0.08544046422709793,-0.11953169363305563,-0.09695674065561954
qwen3_8b,qwen3_8b,0.2,Machiavellianism,0.260728,0.007754000000000039,-0.08544046422709793,-0.11953169363305563,-0.09695674065561954
qwen3_8b,qwen3_8b,0.2,Narcissism,0.212096,-0.023175,-0.08544046422709793,-0.11953169363305563,-0.09695674065561954
qwen3_8b,qwen3_8b,0.2,Psychopathy,0.176496,-0.005091000000000012,-0.08544046422709793,-0.11953169363305563,-0.09695674065561954
